{"cameraMode":{"drawMode":0,"name":"Shaded","section":"Shading Mode"},"sceneLighting":true,"audioPlay":false,"sceneViewState":{"showFog":true,"showMaterialUpdate":false,"showSkybox":true,"showFlares":true,"showImageEffects":true,"showParticleSystems":true},"in2DMode":false,"pivot":{"x":5.641510963439941,"y":3.243515968322754,"z":4.096785545349121},"rotation":{"x":0.7081658840179443,"y":-0.001059067784808576,"z":0.0010622496483847499,"w":0.706044614315033},"size":11.482069969177246,"orthographic":true}